20180525-154906-806,5AA5050000,
20180525-154907-806,5AA5050000,
20180525-154908-806,5AA5050000,
20180525-154909-806,5AA5050000,
20180525-154910-806,5AA5050000,
20180525-154911-806,5AA5050000,
20180525-154912-806,5AA5050000,
20180525-154913-806,5AA5050000,
20180525-154914-806,5AA5050000,
20180525-154915-806,5AA5050000,
20180525-154916-806,5AA5050000,
20180525-154917-806,5AA5050000,
20180525-154918-806,5AA5050000,
20180525-154919-806,5AA5050000,
20180525-154920-806,5AA5050000,
20180525-154921-806,5AA5050000,
20180525-154922-806,5AA5050000,
20180525-154923-806,5AA5050000,
