20190226-052239-668,1,10,1,周困1,,宁波消防支队,周困-00000001-3.jpg,职务12,1,15,8.1,2,周困2,,宁波消防支队,周困-00000001-3.jpg,职务12,1,15,8.1,3,周困3,,宁波消防支队,周困-00000001-3.jpg,职务12,1,15,8.1,4,周困4,,宁波消防支队,周困-00000001-3.jpg,职务12,1,15,8.1,5,周困5,,宁波消防支队,周困-00000001-3.jpg,职务12,1,15,8.1,6,周困6,,宁波消防支队,周困-00000001-3.jpg,职务12,1,15,8.1,7,周困7,,宁波消防支队,周困-00000001-3.jpg,职务12,1,15,8.1,8,周困8,,宁波消防支队,周困-00000001-3.jpg,职务12,1,15,8.1,9,周困9,,宁波消防支队,周困-00000001-3.jpg,职务12,1,15,8.1,10,周困10,,宁波消防支队,周困-00000001-3.jpg,职务12,1,15,8.1,yyyy,106.14.226.150,9000,zhoukun,123456,2,1,888888,20,,2,2,
20190226-052239-680,5,1,
20190226-052239-683,5,3,5A A5 00 00 FE C2 00 00 1B 14 44 00 00 00 00 00 00 00 00 00 00 00,
20190226-052241-684,5,3,5A A5 80 C0 31 12 00 00 01 01 55 55 55 55 55 55 55 55 55 55 55 36,
20190226-052241-913,6,1,
20190226-052243-747,5,5,5A A5 80 C0 32 12 00 00 01 01 55 55 55 55 55 55 55 55 55 55 55 36,
20190226-052247-426,4,1,6,
20190226-052253-165,5,3,5A A5 80 C0 31 12 00 00 01 01 55 55 55 55 55 55 55 55 55 55 55 36,
20190226-052254-949,4,2,14,
20190226-052254-949,4,2,14,
20190226-052311-733,9,000000010F00000000800000000000010000,010000010F00000000800000000000010000,020000010F00000000800000000000010000,030000010F00000000800000000000010000,040000010F00000000800000000000010000,050000010F00000000800000000000010000,060000010F00000000800000000000010000,070000010F00000000800000000000010000,080000010F00000000800000000000010000,090000010F00000000800000000000010000,
20190226-052342-751,9,000000010F00000000800000000000010000,010000010F00000000800000000000010000,020000010F00000000800000000000010000,030000010F00000000800000000000010000,040000010F00000000800000000000010000,050000010F00000000800000000000010000,060000010F00000000800000000000010000,070000010F00000000800000000000010000,080000010F00000000800000000000010000,090000010F00000000800000000000010000,
20190226-052413-770,9,000000010F00000000800000000000010000,010000010F00000000800000000000010000,020000010F00000000800000000000010000,030000010F00000000800000000000010000,040000010F00000000800000000000010000,050000010F00000000800000000000010000,060000010F00000000800000000000010000,070000010F00000000800000000000010000,080000010F00000000800000000000010000,090000010F00000000800000000000010000,
20190226-052414-088,4,1,6,
20190226-052415-567,5,3,5A A5 80 C0 31 12 00 00 01 01 55 55 55 55 55 55 55 55 55 55 55 36,
20190226-052419-463,5,3,5A A5 80 C0 31 12 00 00 01 01 55 55 55 55 55 55 55 55 55 55 55 36,
20190226-052424-202,4,2,14,
20190226-052424-202,4,2,14,
20190226-052444-788,9,000000010F00000000800000000000010000,010000010F00000000800000000000010000,020000010F00000000800000000000010000,030000010F00000000800000000000010000,040000010F00000000800000000000010000,050000010F00000000800000000000010000,060000010F00000000800000000000010000,070000010F00000000800000000000010000,080000010F00000000800000000000010000,090000010F00000000800000000000010000,
20190226-052515-805,9,000000010F00000000800000000000010000,010000010F00000000800000000000010000,020000010F00000000800000000000010000,030000010F00000000800000000000010000,040000010F00000000800000000000010000,050000010F00000000800000000000010000,060000010F00000000800000000000010000,070000010F00000000800000000000010000,080000010F00000000800000000000010000,090000010F00000000800000000000010000,
20190226-052544-510,6,9,1,
20190226-052544-729,6,3,5A A5 01 00 0E 3E 3F 40 41 42 43 2B 7A 68 6F 75 6B 75 6E 5D,
20190226-052544-843,6,4,5A A5 03 00 01 03 01,
20190226-052544-931,4,1,9,1,
20190226-052544-935,6,3,5A A5 07 00 02 32 30 07,
20190226-052544-935,6,3,5A A5 09 00 00 09,
20190226-052544-938,6,3,5A A5 05 00 B4 01 00 00 01 0F 00 00 00 00 80 00 00 55 55 55 01 02 00 00 00 00 01 0F 00 00 00 00 80 00 00 55 55 03 01 00 00 00 00 00 01 0F 00 00 00 00 80 00 00 04 55 55 01 00 00 00 00 00 01 0F 00 00 00 00 80 05 00 55 55 55 01 00 00 00 00 00 01 0F 00 00 00 06 80 00 00 55 55 55 01 00 00 00 00 00 01 0F 00 07 00 00 80 00 00 55 55 55 01 00 00 00 00 00 01 08 00 00 00 00 80 00 00 55 55 55 01 00 00 00 00 09 01 0F 00 00 00 00 80 00 00 55 55 55 01 00 00 0A 00 00 01 0F 00 00 00 00 80 00 00 55 55 55 01 00 00 00 00 00 01 0F 00 00 00 00 80 00 00 55 55 55 01 00 00 B5,
20190226-052545-685,4,1,9,3,
20190226-052545-685,6,10,
20190226-052546-823,9,000000010F00000000800000000000010000,010000010F00000000800000000000010000,020000010F00000000800000000000010000,030000010F00000000800000000000010000,040000010F00000000800000000000010000,050000010F00000000800000000000010000,060000010F00000000800000000000010000,070000010F00000000800000000000010000,080000010F00000000800000000000010000,090000010F00000000800000000000010000,
20190226-052613-611,4,1,12,
